start,end,duration_min,grams,rate_g_per_min
2025-07-15 13:17:00+02:00,2025-07-15 13:26:00+02:00,10,70.68583470577035,7.0685834705770345
2025-07-15 16:17:00+02:00,2025-07-15 16:26:00+02:00,10,70.68583470577035,7.0685834705770345
2025-07-15 18:17:00+02:00,2025-07-15 18:26:00+02:00,10,777.5441817634738,77.75441817634739
2025-07-15 18:47:00+02:00,2025-07-15 18:56:00+02:00,10,424.11500823462205,42.411500823462205
2025-07-15 19:17:00+02:00,2025-07-15 19:26:00+02:00,10,424.11500823462205,42.411500823462205
2025-07-15 19:47:00+02:00,2025-07-15 19:56:00+02:00,10,706.8583470577034,70.68583470577035
2025-07-15 20:17:00+02:00,2025-07-15 20:26:00+02:00,10,282.7433388230814,28.274333882308138
2025-07-15 21:17:00+02:00,2025-07-15 21:26:00+02:00,10,565.4866776461628,56.548667764616276
2025-07-15 22:47:00+02:00,2025-07-15 22:56:00+02:00,10,494.8008429403924,49.48008429403924
2025-07-15 23:17:00+02:00,2025-07-15 23:26:00+02:00,10,70.68583470577035,7.0685834705770345
2025-07-15 23:47:00+02:00,2025-07-15 23:56:00+02:00,10,989.6016858807848,98.96016858807847
2025-07-16 01:17:00+02:00,2025-07-16 01:26:00+02:00,10,141.3716694115407,14.137166941154069
2025-07-16 01:47:00+02:00,2025-07-16 01:56:00+02:00,10,282.7433388230814,28.274333882308138
2025-07-16 02:48:00+02:00,2025-07-16 02:57:00+02:00,10,424.11500823462205,42.411500823462205
2025-07-16 03:48:00+02:00,2025-07-16 03:57:00+02:00,10,70.68583470577035,7.0685834705770345
2025-07-16 04:18:00+02:00,2025-07-16 04:27:00+02:00,10,70.68583470577035,7.0685834705770345
2025-07-16 04:48:00+02:00,2025-07-16 04:57:00+02:00,10,212.05750411731103,21.205750411731103
2025-07-16 05:18:00+02:00,2025-07-16 05:27:00+02:00,10,282.7433388230814,28.274333882308138
2025-07-16 06:18:00+02:00,2025-07-16 06:27:00+02:00,10,141.3716694115407,14.137166941154069
2025-07-16 07:18:00+02:00,2025-07-16 07:27:00+02:00,10,494.8008429403924,49.48008429403924
2025-07-16 07:48:00+02:00,2025-07-16 07:57:00+02:00,10,706.8583470577034,70.68583470577035
2025-07-16 08:18:00+02:00,2025-07-16 08:27:00+02:00,10,777.5441817634738,77.75441817634739
2025-07-16 08:48:00+02:00,2025-07-16 08:57:00+02:00,10,282.7433388230814,28.274333882308138
2025-07-16 11:48:00+02:00,2025-07-16 11:57:00+02:00,10,706.8583470577034,70.68583470577035
2025-07-16 12:18:00+02:00,2025-07-16 12:27:00+02:00,10,70.68583470577035,7.0685834705770345
2025-07-16 12:48:00+02:00,2025-07-16 12:57:00+02:00,10,212.05750411731103,21.205750411731103
2025-07-16 13:48:00+02:00,2025-07-16 13:57:00+02:00,10,141.3716694115407,14.137166941154069
2025-07-16 14:18:00+02:00,2025-07-16 14:27:00+02:00,10,141.3716694115407,14.137166941154069
2025-07-16 16:18:00+02:00,2025-07-16 16:27:00+02:00,10,141.3716694115407,14.137166941154069
2025-07-16 16:48:00+02:00,2025-07-16 16:57:00+02:00,10,141.3716694115407,14.137166941154069
2025-07-16 17:18:00+02:00,2025-07-16 17:27:00+02:00,10,706.8583470577034,70.68583470577035
2025-07-16 19:48:00+02:00,2025-07-16 19:57:00+02:00,10,777.5441817634738,77.75441817634739
2025-07-16 20:18:00+02:00,2025-07-16 20:27:00+02:00,10,141.3716694115407,14.137166941154069
2025-07-16 20:48:00+02:00,2025-07-16 20:57:00+02:00,10,282.7433388230814,28.274333882308138
2025-07-16 21:18:00+02:00,2025-07-16 21:27:00+02:00,10,212.05750411731103,21.205750411731103
2025-07-16 21:48:00+02:00,2025-07-16 21:57:00+02:00,10,70.68583470577035,7.0685834705770345
2025-07-16 22:49:00+02:00,2025-07-16 22:58:00+02:00,10,141.3716694115407,14.137166941154069
2025-07-17 00:49:00+02:00,2025-07-17 00:58:00+02:00,10,70.68583470577035,7.0685834705770345
2025-07-17 02:49:00+02:00,2025-07-17 02:58:00+02:00,10,70.68583470577035,7.0685834705770345
2025-07-17 04:49:00+02:00,2025-07-17 04:58:00+02:00,10,353.4291735288517,35.34291735288517
2025-07-17 05:19:00+02:00,2025-07-17 05:28:00+02:00,10,848.2300164692441,84.82300164692441
2025-07-17 07:19:00+02:00,2025-07-17 07:28:00+02:00,10,1413.7166941154069,141.3716694115407
2025-07-17 07:49:00+02:00,2025-07-17 07:58:00+02:00,10,282.7433388230814,28.274333882308138
2025-07-17 08:19:00+02:00,2025-07-17 08:28:00+02:00,10,706.8583470577034,70.68583470577035
2025-07-17 08:49:00+02:00,2025-07-17 08:58:00+02:00,10,1060.2875205865553,106.02875205865553
2025-07-17 09:19:00+02:00,2025-07-17 09:28:00+02:00,10,282.7433388230814,28.274333882308138
2025-07-17 12:19:00+02:00,2025-07-17 12:28:00+02:00,10,70.68583470577035,7.0685834705770345
2025-07-17 12:49:00+02:00,2025-07-17 12:58:00+02:00,10,212.05750411731103,21.205750411731103
2025-07-17 13:19:00+02:00,2025-07-17 13:28:00+02:00,10,565.4866776461628,56.548667764616276
2025-07-17 13:49:00+02:00,2025-07-17 13:58:00+02:00,10,70.68583470577035,7.0685834705770345
2025-07-17 14:19:00+02:00,2025-07-17 14:28:00+02:00,10,706.8583470577034,70.68583470577035
2025-07-17 14:49:00+02:00,2025-07-17 14:58:00+02:00,10,424.11500823462205,42.411500823462205
2025-07-17 16:19:00+02:00,2025-07-17 16:28:00+02:00,10,353.4291735288517,35.34291735288517
2025-07-17 17:50:00+02:00,2025-07-17 17:59:00+02:00,10,141.3716694115407,14.137166941154069
2025-07-17 18:20:00+02:00,2025-07-17 18:29:00+02:00,10,353.4291735288517,35.34291735288517
2025-07-17 20:20:00+02:00,2025-07-17 20:29:00+02:00,10,70.68583470577035,7.0685834705770345
2025-07-17 21:20:00+02:00,2025-07-17 21:29:00+02:00,10,70.68583470577035,7.0685834705770345
2025-07-17 22:20:00+02:00,2025-07-17 22:29:00+02:00,10,70.68583470577035,7.0685834705770345
2025-07-17 22:50:00+02:00,2025-07-17 22:59:00+02:00,10,212.05750411731103,21.205750411731103
2025-07-18 00:50:00+02:00,2025-07-18 00:59:00+02:00,10,141.3716694115407,14.137166941154069
2025-07-18 03:20:00+02:00,2025-07-18 03:29:00+02:00,10,282.7433388230814,28.274333882308138
2025-07-18 03:50:00+02:00,2025-07-18 03:59:00+02:00,10,1555.0883635269477,155.50883635269477
2025-07-18 04:20:00+02:00,2025-07-18 04:29:00+02:00,10,70.68583470577035,7.0685834705770345
2025-07-18 05:50:00+02:00,2025-07-18 05:59:00+02:00,10,141.3716694115407,14.137166941154069
2025-07-18 06:20:00+02:00,2025-07-18 06:29:00+02:00,10,70.68583470577035,7.0685834705770345
2025-07-18 06:50:00+02:00,2025-07-18 06:59:00+02:00,10,70.68583470577035,7.0685834705770345
2025-07-18 07:20:00+02:00,2025-07-18 07:29:00+02:00,10,565.4866776461628,56.548667764616276
2025-07-18 07:50:00+02:00,2025-07-18 07:59:00+02:00,10,141.3716694115407,14.137166941154069
2025-07-18 08:20:00+02:00,2025-07-18 08:29:00+02:00,10,565.4866776461628,56.548667764616276
2025-07-18 08:50:00+02:00,2025-07-18 08:59:00+02:00,10,918.9158511750145,91.89158511750145
2025-07-18 09:20:00+02:00,2025-07-18 09:29:00+02:00,10,777.5441817634738,77.75441817634739
2025-07-18 09:50:00+02:00,2025-07-18 09:59:00+02:00,10,918.9158511750145,91.89158511750145
2025-07-18 12:51:00+02:00,2025-07-18 13:00:00+02:00,10,141.3716694115407,14.137166941154069
2025-07-18 13:21:00+02:00,2025-07-18 13:30:00+02:00,10,141.3716694115407,14.137166941154069
2025-07-18 15:21:00+02:00,2025-07-18 15:30:00+02:00,10,141.3716694115407,14.137166941154069
2025-07-18 15:51:00+02:00,2025-07-18 16:00:00+02:00,10,777.5441817634738,77.75441817634739
2025-07-18 16:21:00+02:00,2025-07-18 16:30:00+02:00,10,1625.7741982327177,162.57741982327178
2025-07-18 17:21:00+02:00,2025-07-18 17:30:00+02:00,10,70.68583470577035,7.0685834705770345
2025-07-18 17:51:00+02:00,2025-07-18 18:00:00+02:00,10,141.3716694115407,14.137166941154069
2025-07-18 20:21:00+02:00,2025-07-18 20:30:00+02:00,10,353.4291735288517,35.34291735288517
2025-07-19 00:21:00+02:00,2025-07-19 00:30:00+02:00,10,70.68583470577035,7.0685834705770345
2025-07-19 00:51:00+02:00,2025-07-19 01:00:00+02:00,10,565.4866776461628,56.548667764616276
2025-07-19 01:51:00+02:00,2025-07-19 02:00:00+02:00,10,70.68583470577035,7.0685834705770345
2025-07-19 03:21:00+02:00,2025-07-19 03:30:00+02:00,10,141.3716694115407,14.137166941154069
2025-07-19 05:51:00+02:00,2025-07-19 06:00:00+02:00,10,70.68583470577035,7.0685834705770345
2025-07-19 06:21:00+02:00,2025-07-19 06:30:00+02:00,10,1201.6591899980958,120.16591899980958
2025-07-19 06:51:00+02:00,2025-07-19 07:00:00+02:00,10,141.3716694115407,14.137166941154069
2025-07-19 07:51:00+02:00,2025-07-19 08:00:00+02:00,10,353.4291735288517,35.34291735288517
2025-07-19 08:22:00+02:00,2025-07-19 08:31:00+02:00,10,1625.7741982327177,162.57741982327178
2025-07-19 08:52:00+02:00,2025-07-19 09:01:00+02:00,10,353.4291735288517,35.34291735288517
2025-07-19 09:22:00+02:00,2025-07-19 09:31:00+02:00,10,353.4291735288517,35.34291735288517
2025-07-19 10:22:00+02:00,2025-07-19 10:31:00+02:00,10,1343.0308594096364,134.30308594096363
2025-07-19 12:22:00+02:00,2025-07-19 12:31:00+02:00,10,353.4291735288517,35.34291735288517
2025-07-19 12:52:00+02:00,2025-07-19 13:01:00+02:00,10,212.05750411731103,21.205750411731103
2025-07-19 13:22:00+02:00,2025-07-19 13:31:00+02:00,10,70.68583470577035,7.0685834705770345
2025-07-19 14:22:00+02:00,2025-07-19 14:31:00+02:00,10,494.8008429403924,49.48008429403924
2025-07-19 16:22:00+02:00,2025-07-19 16:31:00+02:00,10,565.4866776461628,56.548667764616276
2025-07-19 16:52:00+02:00,2025-07-19 17:01:00+02:00,10,777.5441817634738,77.75441817634739
2025-07-19 18:52:00+02:00,2025-07-19 19:01:00+02:00,10,353.4291735288517,35.34291735288517
2025-07-19 20:52:00+02:00,2025-07-19 21:01:00+02:00,10,282.7433388230814,28.274333882308138
2025-07-19 21:22:00+02:00,2025-07-19 21:31:00+02:00,10,636.1725123519332,63.617251235193315
2025-07-19 22:52:00+02:00,2025-07-19 23:01:00+02:00,10,424.11500823462205,42.411500823462205
2025-07-19 23:22:00+02:00,2025-07-19 23:31:00+02:00,10,70.68583470577035,7.0685834705770345
2025-07-19 23:52:00+02:00,2025-07-20 00:01:00+02:00,10,141.3716694115407,14.137166941154069
2025-07-20 00:52:00+02:00,2025-07-20 01:01:00+02:00,10,70.68583470577035,7.0685834705770345
2025-07-20 01:52:00+02:00,2025-07-20 02:01:00+02:00,10,141.3716694115407,14.137166941154069
2025-07-20 02:52:00+02:00,2025-07-20 03:01:00+02:00,10,141.3716694115407,14.137166941154069
2025-07-20 03:53:00+02:00,2025-07-20 04:02:00+02:00,10,212.05750411731103,21.205750411731103
2025-07-20 04:23:00+02:00,2025-07-20 04:32:00+02:00,10,706.8583470577034,70.68583470577035
2025-07-20 04:53:00+02:00,2025-07-20 05:02:00+02:00,10,141.3716694115407,14.137166941154069
2025-07-20 07:53:00+02:00,2025-07-20 08:02:00+02:00,10,848.2300164692441,84.82300164692441
2025-07-20 08:23:00+02:00,2025-07-20 08:32:00+02:00,10,282.7433388230814,28.274333882308138
2025-07-20 08:53:00+02:00,2025-07-20 09:02:00+02:00,10,848.2300164692441,84.82300164692441
2025-07-20 09:23:00+02:00,2025-07-20 09:32:00+02:00,10,565.4866776461628,56.548667764616276
2025-07-20 09:53:00+02:00,2025-07-20 10:02:00+02:00,10,918.9158511750145,91.89158511750145
2025-07-20 12:53:00+02:00,2025-07-20 13:02:00+02:00,10,141.3716694115407,14.137166941154069
2025-07-20 13:23:00+02:00,2025-07-20 13:32:00+02:00,10,212.05750411731103,21.205750411731103
2025-07-20 13:53:00+02:00,2025-07-20 14:02:00+02:00,10,212.05750411731103,21.205750411731103
2025-07-20 14:53:00+02:00,2025-07-20 15:02:00+02:00,10,353.4291735288517,35.34291735288517
2025-07-20 15:23:00+02:00,2025-07-20 15:32:00+02:00,10,636.1725123519332,63.617251235193315
2025-07-20 16:23:00+02:00,2025-07-20 16:32:00+02:00,10,70.68583470577035,7.0685834705770345
2025-07-20 16:53:00+02:00,2025-07-20 17:02:00+02:00,10,282.7433388230814,28.274333882308138
2025-07-20 17:23:00+02:00,2025-07-20 17:32:00+02:00,10,70.68583470577035,7.0685834705770345
2025-07-20 20:53:00+02:00,2025-07-20 21:02:00+02:00,10,141.3716694115407,14.137166941154069
2025-07-20 22:54:00+02:00,2025-07-20 23:03:00+02:00,10,141.3716694115407,14.137166941154069
2025-07-21 00:54:00+02:00,2025-07-21 01:03:00+02:00,10,141.3716694115407,14.137166941154069
2025-07-21 02:24:00+02:00,2025-07-21 02:33:00+02:00,10,1837.831702350029,183.7831702350029
2025-07-21 02:54:00+02:00,2025-07-21 03:03:00+02:00,10,141.3716694115407,14.137166941154069
2025-07-21 03:54:00+02:00,2025-07-21 04:03:00+02:00,10,212.05750411731103,21.205750411731103
2025-07-21 04:24:00+02:00,2025-07-21 04:33:00+02:00,10,70.68583470577035,7.0685834705770345
2025-07-21 06:24:00+02:00,2025-07-21 06:33:00+02:00,10,282.7433388230814,28.274333882308138
2025-07-21 06:54:00+02:00,2025-07-21 07:03:00+02:00,10,706.8583470577034,70.68583470577035
2025-07-21 07:24:00+02:00,2025-07-21 07:33:00+02:00,10,353.4291735288517,35.34291735288517
2025-07-21 07:54:00+02:00,2025-07-21 08:03:00+02:00,10,565.4866776461628,56.548667764616276
2025-07-21 08:24:00+02:00,2025-07-21 08:33:00+02:00,10,1130.9733552923256,113.09733552923255
2025-07-21 10:24:00+02:00,2025-07-21 10:33:00+02:00,10,70.68583470577035,7.0685834705770345
2025-07-21 10:54:00+02:00,2025-07-21 11:03:00+02:00,10,424.11500823462205,42.411500823462205
2025-07-21 11:24:00+02:00,2025-07-21 11:33:00+02:00,10,282.7433388230814,28.274333882308138
2025-07-21 15:54:00+02:00,2025-07-21 16:03:00+02:00,10,212.05750411731103,21.205750411731103
2025-07-21 16:24:00+02:00,2025-07-21 16:33:00+02:00,10,848.2300164692441,84.82300164692441
2025-07-21 16:54:00+02:00,2025-07-21 17:03:00+02:00,10,1484.4025288211774,148.44025288211773
2025-07-21 17:24:00+02:00,2025-07-21 17:33:00+02:00,10,212.05750411731103,21.205750411731103
2025-07-21 17:54:00+02:00,2025-07-21 18:03:00+02:00,10,353.4291735288517,35.34291735288517
2025-07-21 18:25:00+02:00,2025-07-21 18:34:00+02:00,10,2191.2608758788806,219.12608758788807
2025-07-21 18:55:00+02:00,2025-07-21 19:04:00+02:00,10,989.6016858807848,98.96016858807847
2025-07-21 19:25:00+02:00,2025-07-21 19:34:00+02:00,10,424.11500823462205,42.411500823462205
2025-07-21 19:55:00+02:00,2025-07-21 20:04:00+02:00,10,918.9158511750145,91.89158511750145
2025-07-21 20:55:00+02:00,2025-07-21 21:04:00+02:00,10,70.68583470577035,7.0685834705770345
2025-07-21 22:55:00+02:00,2025-07-21 23:04:00+02:00,10,70.68583470577035,7.0685834705770345
2025-07-22 00:55:00+02:00,2025-07-22 01:04:00+02:00,10,141.3716694115407,14.137166941154069
2025-07-22 01:25:00+02:00,2025-07-22 01:34:00+02:00,10,353.4291735288517,35.34291735288517
2025-07-22 03:25:00+02:00,2025-07-22 03:34:00+02:00,10,212.05750411731103,21.205750411731103
2025-07-22 05:25:00+02:00,2025-07-22 05:34:00+02:00,10,70.68583470577035,7.0685834705770345
2025-07-22 06:55:00+02:00,2025-07-22 07:04:00+02:00,10,424.11500823462205,42.411500823462205
2025-07-22 07:25:00+02:00,2025-07-22 07:34:00+02:00,10,848.2300164692441,84.82300164692441
2025-07-22 07:55:00+02:00,2025-07-22 08:04:00+02:00,10,494.8008429403924,49.48008429403924
2025-07-22 08:25:00+02:00,2025-07-22 08:34:00+02:00,10,777.5441817634738,77.75441817634739
2025-07-22 08:55:00+02:00,2025-07-22 09:04:00+02:00,10,1060.2875205865553,106.02875205865553
2025-07-22 10:55:00+02:00,2025-07-22 11:04:00+02:00,10,70.68583470577035,7.0685834705770345
2025-07-22 14:26:00+02:00,2025-07-22 14:35:00+02:00,10,141.3716694115407,14.137166941154069
2025-07-22 14:56:00+02:00,2025-07-22 15:05:00+02:00,10,70.68583470577035,7.0685834705770345
2025-07-22 15:56:00+02:00,2025-07-22 16:05:00+02:00,10,70.68583470577035,7.0685834705770345
2025-07-22 16:56:00+02:00,2025-07-22 17:05:00+02:00,10,1060.2875205865553,106.02875205865553
2025-07-22 17:26:00+02:00,2025-07-22 17:35:00+02:00,10,282.7433388230814,28.274333882308138
2025-07-22 17:56:00+02:00,2025-07-22 18:05:00+02:00,10,141.3716694115407,14.137166941154069
2025-07-22 18:26:00+02:00,2025-07-22 18:35:00+02:00,10,141.3716694115407,14.137166941154069
2025-07-22 18:56:00+02:00,2025-07-22 19:05:00+02:00,10,494.8008429403924,49.48008429403924
2025-07-22 19:26:00+02:00,2025-07-22 19:35:00+02:00,10,1413.7166941154069,141.3716694115407
2025-07-22 19:56:00+02:00,2025-07-22 20:05:00+02:00,10,2332.632545290421,233.26325452904211
2025-07-22 20:26:00+02:00,2025-07-22 20:35:00+02:00,10,212.05750411731103,21.205750411731103
2025-07-22 20:56:00+02:00,2025-07-22 21:05:00+02:00,10,70.68583470577035,7.0685834705770345
2025-07-23 00:56:00+02:00,2025-07-23 01:05:00+02:00,10,212.05750411731103,21.205750411731103
2025-07-23 01:26:00+02:00,2025-07-23 01:35:00+02:00,10,70.68583470577035,7.0685834705770345
2025-07-23 02:26:00+02:00,2025-07-23 02:35:00+02:00,10,141.3716694115407,14.137166941154069
2025-07-23 02:56:00+02:00,2025-07-23 03:05:00+02:00,10,636.1725123519332,63.617251235193315
2025-07-23 04:26:00+02:00,2025-07-23 04:35:00+02:00,10,2474.004214701962,247.40042147019622
2025-07-23 07:56:00+02:00,2025-07-23 08:05:00+02:00,10,636.1725123519332,63.617251235193315
2025-07-23 08:26:00+02:00,2025-07-23 08:35:00+02:00,10,565.4866776461628,56.548667764616276
2025-07-23 08:57:00+02:00,2025-07-23 09:06:00+02:00,10,1201.6591899980958,120.16591899980958
2025-07-23 12:57:00+02:00,2025-07-23 13:06:00+02:00,10,141.3716694115407,14.137166941154069
2025-07-23 14:57:00+02:00,2025-07-23 15:06:00+02:00,10,282.7433388230814,28.274333882308138
2025-07-23 15:57:00+02:00,2025-07-23 16:06:00+02:00,10,70.68583470577035,7.0685834705770345
2025-07-23 17:57:00+02:00,2025-07-23 18:06:00+02:00,10,141.3716694115407,14.137166941154069
2025-07-24 00:57:00+02:00,2025-07-24 01:06:00+02:00,10,353.4291735288517,35.34291735288517
2025-07-24 01:27:00+02:00,2025-07-24 01:36:00+02:00,10,353.4291735288517,35.34291735288517
2025-07-24 01:57:00+02:00,2025-07-24 02:06:00+02:00,10,2332.632545290421,233.26325452904211
2025-07-24 02:27:00+02:00,2025-07-24 02:36:00+02:00,10,70.68583470577035,7.0685834705770345
2025-07-24 02:57:00+02:00,2025-07-24 03:06:00+02:00,10,141.3716694115407,14.137166941154069
2025-07-24 03:27:00+02:00,2025-07-24 03:36:00+02:00,10,141.3716694115407,14.137166941154069
2025-07-24 05:28:00+02:00,2025-07-24 05:37:00+02:00,10,70.68583470577035,7.0685834705770345
2025-07-24 05:58:00+02:00,2025-07-24 06:07:00+02:00,10,282.7433388230814,28.274333882308138
2025-07-24 06:58:00+02:00,2025-07-24 07:07:00+02:00,10,70.68583470577035,7.0685834705770345
2025-07-24 07:28:00+02:00,2025-07-24 07:37:00+02:00,10,2120.5750411731105,212.05750411731105
2025-07-24 07:58:00+02:00,2025-07-24 08:07:00+02:00,10,212.05750411731103,21.205750411731103
2025-07-24 08:28:00+02:00,2025-07-24 08:37:00+02:00,10,494.8008429403924,49.48008429403924
2025-07-24 10:28:00+02:00,2025-07-24 10:37:00+02:00,10,989.6016858807848,98.96016858807847
2025-07-24 10:58:00+02:00,2025-07-24 11:07:00+02:00,10,424.11500823462205,42.411500823462205
2025-07-24 11:28:00+02:00,2025-07-24 11:37:00+02:00,10,565.4866776461628,56.548667764616276
2025-07-24 11:58:00+02:00,2025-07-24 12:07:00+02:00,10,353.4291735288517,35.34291735288517
2025-07-24 14:28:00+02:00,2025-07-24 14:37:00+02:00,10,70.68583470577035,7.0685834705770345
2025-07-24 16:58:00+02:00,2025-07-24 17:07:00+02:00,10,141.3716694115407,14.137166941154069
2025-07-24 17:58:00+02:00,2025-07-24 18:07:00+02:00,10,212.05750411731103,21.205750411731103
2025-07-24 18:58:00+02:00,2025-07-24 19:07:00+02:00,10,141.3716694115407,14.137166941154069
2025-07-24 20:58:00+02:00,2025-07-24 21:07:00+02:00,10,141.3716694115407,14.137166941154069
2025-07-24 22:28:00+02:00,2025-07-24 22:37:00+02:00,10,70.68583470577035,7.0685834705770345
2025-07-25 01:29:00+02:00,2025-07-25 01:38:00+02:00,10,212.05750411731103,21.205750411731103
2025-07-25 07:29:00+02:00,2025-07-25 07:38:00+02:00,10,1413.7166941154069,141.3716694115407
2025-07-25 07:59:00+02:00,2025-07-25 08:08:00+02:00,10,70.68583470577035,7.0685834705770345
2025-07-25 08:29:00+02:00,2025-07-25 08:38:00+02:00,10,424.11500823462205,42.411500823462205
2025-07-25 08:59:00+02:00,2025-07-25 09:08:00+02:00,10,70.68583470577035,7.0685834705770345
2025-07-25 09:29:00+02:00,2025-07-25 09:38:00+02:00,10,424.11500823462205,42.411500823462205
2025-07-25 09:59:00+02:00,2025-07-25 10:08:00+02:00,10,2474.004214701962,247.40042147019622
2025-07-25 10:59:00+02:00,2025-07-25 11:08:00+02:00,10,70.68583470577035,7.0685834705770345
2025-07-25 11:29:00+02:00,2025-07-25 11:38:00+02:00,10,424.11500823462205,42.411500823462205
2025-07-25 11:59:00+02:00,2025-07-25 12:08:00+02:00,10,70.68583470577035,7.0685834705770345
2025-07-25 12:29:00+02:00,2025-07-25 12:38:00+02:00,10,848.2300164692441,84.82300164692441
2025-07-25 12:59:00+02:00,2025-07-25 13:08:00+02:00,10,1343.0308594096364,134.30308594096363
2025-07-25 13:29:00+02:00,2025-07-25 13:38:00+02:00,10,141.3716694115407,14.137166941154069
2025-07-25 13:59:00+02:00,2025-07-25 14:08:00+02:00,10,282.7433388230814,28.274333882308138
2025-07-25 15:59:00+02:00,2025-07-25 16:08:00+02:00,10,70.68583470577035,7.0685834705770345
2025-07-25 16:29:00+02:00,2025-07-25 16:38:00+02:00,10,424.11500823462205,42.411500823462205
2025-07-25 17:29:00+02:00,2025-07-25 17:38:00+02:00,10,141.3716694115407,14.137166941154069
2025-07-25 17:59:00+02:00,2025-07-25 18:08:00+02:00,10,494.8008429403924,49.48008429403924
2025-07-25 22:00:00+02:00,2025-07-25 22:09:00+02:00,10,282.7433388230814,28.274333882308138
2025-07-25 23:30:00+02:00,2025-07-25 23:39:00+02:00,10,70.68583470577035,7.0685834705770345
2025-07-26 00:00:00+02:00,2025-07-26 00:09:00+02:00,10,212.05750411731103,21.205750411731103
2025-07-26 01:30:00+02:00,2025-07-26 01:39:00+02:00,10,70.68583470577035,7.0685834705770345
2025-07-26 02:30:00+02:00,2025-07-26 02:39:00+02:00,10,636.1725123519332,63.617251235193315
2025-07-26 03:00:00+02:00,2025-07-26 03:09:00+02:00,10,353.4291735288517,35.34291735288517
2025-07-26 06:00:00+02:00,2025-07-26 06:09:00+02:00,10,1555.0883635269477,155.50883635269477
2025-07-26 07:00:00+02:00,2025-07-26 07:09:00+02:00,10,2261.946710584651,226.1946710584651
2025-07-26 07:30:00+02:00,2025-07-26 07:39:00+02:00,10,70.68583470577035,7.0685834705770345
2025-07-26 08:00:00+02:00,2025-07-26 08:09:00+02:00,10,212.05750411731103,21.205750411731103
2025-07-26 08:30:00+02:00,2025-07-26 08:39:00+02:00,10,565.4866776461628,56.548667764616276
2025-07-26 09:00:00+02:00,2025-07-26 09:09:00+02:00,10,70.68583470577035,7.0685834705770345
2025-07-26 10:30:00+02:00,2025-07-26 10:39:00+02:00,10,565.4866776461628,56.548667764616276
2025-07-26 12:30:00+02:00,2025-07-26 12:39:00+02:00,10,70.68583470577035,7.0685834705770345
2025-07-26 13:00:00+02:00,2025-07-26 13:09:00+02:00,10,282.7433388230814,28.274333882308138
2025-07-26 14:31:00+02:00,2025-07-26 14:40:00+02:00,10,212.05750411731103,21.205750411731103
2025-07-26 15:01:00+02:00,2025-07-26 15:10:00+02:00,10,212.05750411731103,21.205750411731103
2025-07-26 16:01:00+02:00,2025-07-26 16:10:00+02:00,10,777.5441817634738,77.75441817634739
2025-07-26 16:31:00+02:00,2025-07-26 16:40:00+02:00,10,565.4866776461628,56.548667764616276
2025-07-26 19:01:00+02:00,2025-07-26 19:10:00+02:00,10,141.3716694115407,14.137166941154069
2025-07-26 21:01:00+02:00,2025-07-26 21:10:00+02:00,10,1625.7741982327177,162.57741982327178
2025-07-26 22:01:00+02:00,2025-07-26 22:10:00+02:00,10,141.3716694115407,14.137166941154069
2025-07-27 01:31:00+02:00,2025-07-27 01:40:00+02:00,10,70.68583470577035,7.0685834705770345
2025-07-27 02:01:00+02:00,2025-07-27 02:10:00+02:00,10,70.68583470577035,7.0685834705770345
2025-07-27 02:31:00+02:00,2025-07-27 02:40:00+02:00,10,212.05750411731103,21.205750411731103
2025-07-27 03:31:00+02:00,2025-07-27 03:40:00+02:00,10,282.7433388230814,28.274333882308138
2025-07-27 06:31:00+02:00,2025-07-27 06:40:00+02:00,10,70.68583470577035,7.0685834705770345
2025-07-27 07:31:00+02:00,2025-07-27 07:40:00+02:00,10,424.11500823462205,42.411500823462205
2025-07-27 08:01:00+02:00,2025-07-27 08:10:00+02:00,10,141.3716694115407,14.137166941154069
2025-07-27 08:31:00+02:00,2025-07-27 08:40:00+02:00,10,212.05750411731103,21.205750411731103
2025-07-27 11:02:00+02:00,2025-07-27 11:11:00+02:00,10,424.11500823462205,42.411500823462205
2025-07-27 11:32:00+02:00,2025-07-27 11:41:00+02:00,10,706.8583470577034,70.68583470577035
2025-07-27 12:02:00+02:00,2025-07-27 12:11:00+02:00,10,353.4291735288517,35.34291735288517
2025-07-27 13:02:00+02:00,2025-07-27 13:11:00+02:00,10,70.68583470577035,7.0685834705770345
2025-07-27 14:02:00+02:00,2025-07-27 14:11:00+02:00,10,70.68583470577035,7.0685834705770345
2025-07-27 15:02:00+02:00,2025-07-27 15:11:00+02:00,10,141.3716694115407,14.137166941154069
2025-07-27 16:02:00+02:00,2025-07-27 16:11:00+02:00,10,494.8008429403924,49.48008429403924
2025-07-27 20:02:00+02:00,2025-07-27 20:11:00+02:00,10,1837.831702350029,183.7831702350029
2025-07-27 20:32:00+02:00,2025-07-27 20:41:00+02:00,10,70.68583470577035,7.0685834705770345
2025-07-27 21:02:00+02:00,2025-07-27 21:11:00+02:00,10,70.68583470577035,7.0685834705770345
2025-07-28 00:02:00+02:00,2025-07-28 00:11:00+02:00,10,141.3716694115407,14.137166941154069
2025-07-28 02:32:00+02:00,2025-07-28 02:41:00+02:00,10,141.3716694115407,14.137166941154069
2025-07-28 03:32:00+02:00,2025-07-28 03:41:00+02:00,10,212.05750411731103,21.205750411731103
2025-07-28 04:02:00+02:00,2025-07-28 04:11:00+02:00,10,777.5441817634738,77.75441817634739
2025-07-28 08:03:00+02:00,2025-07-28 08:12:00+02:00,10,1555.0883635269477,155.50883635269477
2025-07-28 08:33:00+02:00,2025-07-28 08:42:00+02:00,10,282.7433388230814,28.274333882308138
2025-07-28 11:33:00+02:00,2025-07-28 11:42:00+02:00,10,141.3716694115407,14.137166941154069
2025-07-28 12:03:00+02:00,2025-07-28 12:12:00+02:00,10,70.68583470577035,7.0685834705770345
2025-07-28 12:33:00+02:00,2025-07-28 12:42:00+02:00,10,989.6016858807848,98.96016858807847
2025-07-28 16:33:00+02:00,2025-07-28 16:42:00+02:00,10,2120.5750411731105,212.05750411731105
2025-07-28 18:33:00+02:00,2025-07-28 18:42:00+02:00,10,141.3716694115407,14.137166941154069
2025-07-28 19:03:00+02:00,2025-07-28 19:12:00+02:00,10,989.6016858807848,98.96016858807847
2025-07-28 19:33:00+02:00,2025-07-28 19:42:00+02:00,10,424.11500823462205,42.411500823462205
2025-07-28 20:03:00+02:00,2025-07-28 20:12:00+02:00,10,141.3716694115407,14.137166941154069
2025-07-28 21:33:00+02:00,2025-07-28 21:42:00+02:00,10,424.11500823462205,42.411500823462205
2025-07-28 22:03:00+02:00,2025-07-28 22:12:00+02:00,10,70.68583470577035,7.0685834705770345
2025-07-28 22:33:00+02:00,2025-07-28 22:42:00+02:00,10,141.3716694115407,14.137166941154069
2025-07-28 23:03:00+02:00,2025-07-28 23:12:00+02:00,10,70.68583470577035,7.0685834705770345
2025-07-28 23:33:00+02:00,2025-07-28 23:42:00+02:00,10,989.6016858807848,98.96016858807847
2025-07-29 00:03:00+02:00,2025-07-29 00:12:00+02:00,10,141.3716694115407,14.137166941154069
2025-07-29 00:34:00+02:00,2025-07-29 00:43:00+02:00,10,141.3716694115407,14.137166941154069
2025-07-29 02:04:00+02:00,2025-07-29 02:13:00+02:00,10,282.7433388230814,28.274333882308138
2025-07-29 02:34:00+02:00,2025-07-29 02:43:00+02:00,10,1343.0308594096364,134.30308594096363
2025-07-29 03:04:00+02:00,2025-07-29 03:13:00+02:00,10,141.3716694115407,14.137166941154069
2025-07-29 04:04:00+02:00,2025-07-29 04:13:00+02:00,10,141.3716694115407,14.137166941154069
2025-07-29 07:04:00+02:00,2025-07-29 07:13:00+02:00,10,2968.8050576423548,296.88050576423547
2025-07-29 07:34:00+02:00,2025-07-29 07:43:00+02:00,10,212.05750411731103,21.205750411731103
2025-07-29 08:04:00+02:00,2025-07-29 08:13:00+02:00,10,212.05750411731103,21.205750411731103
2025-07-29 08:34:00+02:00,2025-07-29 08:43:00+02:00,10,2191.2608758788806,219.12608758788807
2025-07-29 09:04:00+02:00,2025-07-29 09:13:00+02:00,10,1625.7741982327177,162.57741982327178
2025-07-29 09:34:00+02:00,2025-07-29 09:43:00+02:00,10,212.05750411731103,21.205750411731103
2025-07-29 10:04:00+02:00,2025-07-29 10:13:00+02:00,10,1555.0883635269477,155.50883635269477
2025-07-29 10:34:00+02:00,2025-07-29 10:43:00+02:00,10,353.4291735288517,35.34291735288517
2025-07-29 13:34:00+02:00,2025-07-29 13:43:00+02:00,10,1201.6591899980958,120.16591899980958
2025-07-29 14:04:00+02:00,2025-07-29 14:13:00+02:00,10,353.4291735288517,35.34291735288517
2025-07-29 14:34:00+02:00,2025-07-29 14:43:00+02:00,10,70.68583470577035,7.0685834705770345
2025-07-29 15:34:00+02:00,2025-07-29 15:43:00+02:00,10,141.3716694115407,14.137166941154069
2025-07-29 16:34:00+02:00,2025-07-29 16:43:00+02:00,10,141.3716694115407,14.137166941154069
2025-07-29 19:04:00+02:00,2025-07-29 19:13:00+02:00,10,212.05750411731103,21.205750411731103
2025-07-29 19:35:00+02:00,2025-07-29 19:44:00+02:00,10,212.05750411731103,21.205750411731103
2025-07-29 20:35:00+02:00,2025-07-29 20:44:00+02:00,10,918.9158511750145,91.89158511750145
2025-07-29 22:05:00+02:00,2025-07-29 22:14:00+02:00,10,353.4291735288517,35.34291735288517
2025-07-30 00:05:00+02:00,2025-07-30 00:14:00+02:00,10,70.68583470577035,7.0685834705770345
2025-07-30 00:35:00+02:00,2025-07-30 00:44:00+02:00,10,70.68583470577035,7.0685834705770345
2025-07-30 01:05:00+02:00,2025-07-30 01:14:00+02:00,10,212.05750411731103,21.205750411731103
2025-07-30 03:05:00+02:00,2025-07-30 03:14:00+02:00,10,70.68583470577035,7.0685834705770345
2025-07-30 03:35:00+02:00,2025-07-30 03:44:00+02:00,10,212.05750411731103,21.205750411731103
2025-07-30 04:05:00+02:00,2025-07-30 04:14:00+02:00,10,212.05750411731103,21.205750411731103
2025-07-30 05:05:00+02:00,2025-07-30 05:14:00+02:00,10,141.3716694115407,14.137166941154069
2025-07-30 06:05:00+02:00,2025-07-30 06:14:00+02:00,10,141.3716694115407,14.137166941154069
2025-07-30 06:35:00+02:00,2025-07-30 06:44:00+02:00,10,70.68583470577035,7.0685834705770345
2025-07-30 07:35:00+02:00,2025-07-30 07:44:00+02:00,10,706.8583470577034,70.68583470577035
2025-07-30 11:35:00+02:00,2025-07-30 11:44:00+02:00,10,424.11500823462205,42.411500823462205
2025-07-30 17:53:00+02:00,2025-07-30 18:02:00+02:00,10,70.68583470577035,7.0685834705770345
2025-07-30 18:23:00+02:00,2025-07-30 18:32:00+02:00,10,636.1725123519332,63.617251235193315
2025-07-30 21:23:00+02:00,2025-07-30 21:32:00+02:00,10,282.7433388230814,28.274333882308138
2025-07-30 23:23:00+02:00,2025-07-30 23:32:00+02:00,10,141.3716694115407,14.137166941154069
2025-07-30 23:53:00+02:00,2025-07-31 00:02:00+02:00,10,212.05750411731103,21.205750411731103
2025-07-31 00:23:00+02:00,2025-07-31 00:32:00+02:00,10,70.68583470577035,7.0685834705770345
2025-07-31 00:53:00+02:00,2025-07-31 01:02:00+02:00,10,141.3716694115407,14.137166941154069
2025-07-31 01:23:00+02:00,2025-07-31 01:32:00+02:00,10,141.3716694115407,14.137166941154069
2025-07-31 03:24:00+02:00,2025-07-31 03:33:00+02:00,10,70.68583470577035,7.0685834705770345
2025-07-31 04:54:00+02:00,2025-07-31 05:03:00+02:00,10,141.3716694115407,14.137166941154069
2025-07-31 09:54:00+02:00,2025-07-31 10:03:00+02:00,10,424.11500823462205,42.411500823462205
2025-07-31 11:24:00+02:00,2025-07-31 11:33:00+02:00,10,70.68583470577035,7.0685834705770345
2025-07-31 11:54:00+02:00,2025-07-31 12:03:00+02:00,10,989.6016858807848,98.96016858807847
2025-07-31 12:24:00+02:00,2025-07-31 12:33:00+02:00,10,282.7433388230814,28.274333882308138
2025-07-31 13:24:00+02:00,2025-07-31 13:33:00+02:00,10,212.05750411731103,21.205750411731103
2025-07-31 14:24:00+02:00,2025-07-31 14:33:00+02:00,10,212.05750411731103,21.205750411731103
2025-07-31 16:54:00+02:00,2025-07-31 17:03:00+02:00,10,212.05750411731103,21.205750411731103
2025-07-31 17:24:00+02:00,2025-07-31 17:33:00+02:00,10,1413.7166941154069,141.3716694115407
2025-07-31 19:24:00+02:00,2025-07-31 19:33:00+02:00,10,70.68583470577035,7.0685834705770345
2025-07-31 19:54:00+02:00,2025-07-31 20:03:00+02:00,10,70.68583470577035,7.0685834705770345
2025-07-31 20:24:00+02:00,2025-07-31 20:33:00+02:00,10,141.3716694115407,14.137166941154069
2025-08-01 00:55:00+02:00,2025-08-01 01:04:00+02:00,10,70.68583470577035,7.0685834705770345
2025-08-01 01:25:00+02:00,2025-08-01 01:34:00+02:00,10,1272.3450247038663,127.23450247038663
2025-08-01 01:55:00+02:00,2025-08-01 02:04:00+02:00,10,212.05750411731103,21.205750411731103
2025-08-01 02:55:00+02:00,2025-08-01 03:04:00+02:00,10,70.68583470577035,7.0685834705770345
2025-08-01 03:25:00+02:00,2025-08-01 03:34:00+02:00,10,141.3716694115407,14.137166941154069
2025-08-01 04:25:00+02:00,2025-08-01 04:34:00+02:00,10,141.3716694115407,14.137166941154069
2025-08-01 05:25:00+02:00,2025-08-01 05:34:00+02:00,10,212.05750411731103,21.205750411731103
2025-08-01 05:55:00+02:00,2025-08-01 06:04:00+02:00,10,70.68583470577035,7.0685834705770345
2025-08-01 06:25:00+02:00,2025-08-01 06:34:00+02:00,10,70.68583470577035,7.0685834705770345
2025-08-01 06:55:00+02:00,2025-08-01 07:04:00+02:00,10,70.68583470577035,7.0685834705770345
2025-08-01 07:25:00+02:00,2025-08-01 07:34:00+02:00,10,353.4291735288517,35.34291735288517
2025-08-01 07:55:00+02:00,2025-08-01 08:04:00+02:00,10,1696.4600329384882,169.64600329384882
2025-08-01 08:55:00+02:00,2025-08-01 09:04:00+02:00,10,212.05750411731103,21.205750411731103
2025-08-01 09:25:00+02:00,2025-08-01 09:34:00+02:00,10,1201.6591899980958,120.16591899980958
2025-08-01 13:25:00+02:00,2025-08-01 13:34:00+02:00,10,282.7433388230814,28.274333882308138
2025-08-01 15:25:00+02:00,2025-08-01 15:34:00+02:00,10,2686.0617188192728,268.60617188192725
2025-08-01 15:55:00+02:00,2025-08-01 16:04:00+02:00,10,141.3716694115407,14.137166941154069
2025-08-01 16:26:00+02:00,2025-08-01 16:35:00+02:00,10,706.8583470577034,70.68583470577035
2025-08-01 16:56:00+02:00,2025-08-01 17:05:00+02:00,10,918.9158511750145,91.89158511750145
2025-08-02 00:26:00+02:00,2025-08-02 00:35:00+02:00,10,353.4291735288517,35.34291735288517
2025-08-02 00:56:00+02:00,2025-08-02 01:05:00+02:00,10,70.68583470577035,7.0685834705770345
2025-08-02 01:26:00+02:00,2025-08-02 01:35:00+02:00,10,3392.9200658769764,339.29200658769764
2025-08-02 02:26:00+02:00,2025-08-02 02:35:00+02:00,10,70.68583470577035,7.0685834705770345
2025-08-02 02:56:00+02:00,2025-08-02 03:05:00+02:00,10,989.6016858807848,98.96016858807847
2025-08-02 04:56:00+02:00,2025-08-02 05:05:00+02:00,10,2120.5750411731105,212.05750411731105
2025-08-02 05:26:00+02:00,2025-08-02 05:35:00+02:00,10,212.05750411731103,21.205750411731103
2025-08-02 07:26:00+02:00,2025-08-02 07:35:00+02:00,10,565.4866776461628,56.548667764616276
2025-08-02 13:57:00+02:00,2025-08-02 14:06:00+02:00,10,212.05750411731103,21.205750411731103
2025-08-02 14:27:00+02:00,2025-08-02 14:36:00+02:00,10,5089.380098815465,508.9380098815465
2025-08-02 14:57:00+02:00,2025-08-02 15:06:00+02:00,10,565.4866776461628,56.548667764616276
2025-08-02 15:27:00+02:00,2025-08-02 15:36:00+02:00,10,212.05750411731103,21.205750411731103
2025-08-02 16:57:00+02:00,2025-08-02 17:06:00+02:00,10,70.68583470577035,7.0685834705770345
2025-08-02 17:27:00+02:00,2025-08-02 17:36:00+02:00,10,282.7433388230814,28.274333882308138
2025-08-02 17:57:00+02:00,2025-08-02 18:06:00+02:00,10,212.05750411731103,21.205750411731103
2025-08-02 18:27:00+02:00,2025-08-02 18:36:00+02:00,10,706.8583470577034,70.68583470577035
2025-08-02 18:57:00+02:00,2025-08-02 19:06:00+02:00,10,424.11500823462205,42.411500823462205
2025-08-02 19:27:00+02:00,2025-08-02 19:36:00+02:00,10,2544.6900494077327,254.46900494077326
2025-08-02 19:57:00+02:00,2025-08-02 20:06:00+02:00,10,70.68583470577035,7.0685834705770345
2025-08-02 20:27:00+02:00,2025-08-02 20:36:00+02:00,10,1979.2033717615695,197.92033717615695
2025-08-03 00:57:00+02:00,2025-08-03 01:06:00+02:00,10,141.3716694115407,14.137166941154069
2025-08-03 02:27:00+02:00,2025-08-03 02:36:00+02:00,10,141.3716694115407,14.137166941154069
2025-08-03 02:57:00+02:00,2025-08-03 03:06:00+02:00,10,2120.5750411731105,212.05750411731105
2025-08-03 03:27:00+02:00,2025-08-03 03:36:00+02:00,10,141.3716694115407,14.137166941154069
2025-08-03 05:34:00+02:00,2025-08-03 05:43:00+02:00,10,494.8008429403924,49.48008429403924
2025-08-03 06:34:00+02:00,2025-08-03 06:43:00+02:00,10,706.8583470577034,70.68583470577035
2025-08-03 07:34:00+02:00,2025-08-03 07:43:00+02:00,10,212.05750411731103,21.205750411731103
2025-08-03 08:04:00+02:00,2025-08-03 08:13:00+02:00,10,2615.3758841135027,261.53758841135027
2025-08-03 08:34:00+02:00,2025-08-03 08:43:00+02:00,10,212.05750411731103,21.205750411731103
2025-08-03 09:04:00+02:00,2025-08-03 09:13:00+02:00,10,282.7433388230814,28.274333882308138
2025-08-03 09:34:00+02:00,2025-08-03 09:43:00+02:00,10,2120.5750411731105,212.05750411731105
2025-08-03 10:04:00+02:00,2025-08-03 10:13:00+02:00,10,282.7433388230814,28.274333882308138
2025-08-03 10:34:00+02:00,2025-08-03 10:43:00+02:00,10,565.4866776461628,56.548667764616276
2025-08-03 13:34:00+02:00,2025-08-03 13:43:00+02:00,10,141.3716694115407,14.137166941154069
2025-08-03 17:04:00+02:00,2025-08-03 17:13:00+02:00,10,141.3716694115407,14.137166941154069
2025-08-03 18:34:00+02:00,2025-08-03 18:43:00+02:00,10,3251.5483964654354,325.15483964654356
2025-08-03 19:04:00+02:00,2025-08-03 19:13:00+02:00,10,1201.6591899980958,120.16591899980958
2025-08-03 19:34:00+02:00,2025-08-03 19:43:00+02:00,10,141.3716694115407,14.137166941154069
2025-08-03 20:04:00+02:00,2025-08-03 20:13:00+02:00,10,282.7433388230814,28.274333882308138
2025-08-03 20:34:00+02:00,2025-08-03 20:43:00+02:00,10,282.7433388230814,28.274333882308138
2025-08-03 21:04:00+02:00,2025-08-03 21:13:00+02:00,10,141.3716694115407,14.137166941154069
2025-08-03 21:34:00+02:00,2025-08-03 21:43:00+02:00,10,282.7433388230814,28.274333882308138
2025-08-03 22:04:00+02:00,2025-08-03 22:13:00+02:00,10,141.3716694115407,14.137166941154069
2025-08-04 00:05:00+02:00,2025-08-04 00:14:00+02:00,10,565.4866776461628,56.548667764616276
2025-08-04 00:35:00+02:00,2025-08-04 00:44:00+02:00,10,565.4866776461628,56.548667764616276
2025-08-04 02:35:00+02:00,2025-08-04 02:44:00+02:00,10,3746.349239405828,374.6349239405828
2025-08-04 05:05:00+02:00,2025-08-04 05:14:00+02:00,10,141.3716694115407,14.137166941154069
2025-08-04 06:05:00+02:00,2025-08-04 06:14:00+02:00,10,212.05750411731103,21.205750411731103
2025-08-04 06:35:00+02:00,2025-08-04 06:44:00+02:00,10,141.3716694115407,14.137166941154069
2025-08-04 07:05:00+02:00,2025-08-04 07:14:00+02:00,10,70.68583470577035,7.0685834705770345
2025-08-04 07:35:00+02:00,2025-08-04 07:44:00+02:00,10,424.11500823462205,42.411500823462205
2025-08-04 08:05:00+02:00,2025-08-04 08:14:00+02:00,10,918.9158511750145,91.89158511750145
2025-08-04 08:35:00+02:00,2025-08-04 08:44:00+02:00,10,918.9158511750145,91.89158511750145
2025-08-04 09:05:00+02:00,2025-08-04 09:14:00+02:00,10,494.8008429403924,49.48008429403924
2025-08-04 09:35:00+02:00,2025-08-04 09:44:00+02:00,10,141.3716694115407,14.137166941154069
2025-08-04 10:05:00+02:00,2025-08-04 10:14:00+02:00,10,2544.6900494077327,254.46900494077326
2025-08-04 12:05:00+02:00,2025-08-04 12:14:00+02:00,10,2120.5750411731105,212.05750411731105
2025-08-04 15:05:00+02:00,2025-08-04 15:14:00+02:00,10,70.68583470577035,7.0685834705770345
2025-08-04 17:35:00+02:00,2025-08-04 17:44:00+02:00,10,777.5441817634738,77.75441817634739
2025-08-04 18:05:00+02:00,2025-08-04 18:14:00+02:00,10,636.1725123519332,63.617251235193315
2025-08-04 19:36:00+02:00,2025-08-04 19:45:00+02:00,10,353.4291735288517,35.34291735288517
2025-08-04 21:36:00+02:00,2025-08-04 21:45:00+02:00,10,212.05750411731103,21.205750411731103
2025-08-05 00:36:00+02:00,2025-08-05 00:45:00+02:00,10,70.68583470577035,7.0685834705770345
2025-08-05 02:36:00+02:00,2025-08-05 02:45:00+02:00,10,848.2300164692441,84.82300164692441
2025-08-05 03:06:00+02:00,2025-08-05 03:15:00+02:00,10,353.4291735288517,35.34291735288517
2025-08-05 06:06:00+02:00,2025-08-05 06:15:00+02:00,10,777.5441817634738,77.75441817634739
2025-08-05 06:36:00+02:00,2025-08-05 06:45:00+02:00,10,141.3716694115407,14.137166941154069
2025-08-05 07:06:00+02:00,2025-08-05 07:15:00+02:00,10,1908.5175370557995,190.85175370557994
2025-08-05 07:36:00+02:00,2025-08-05 07:45:00+02:00,10,494.8008429403924,49.48008429403924
2025-08-05 08:06:00+02:00,2025-08-05 08:15:00+02:00,10,777.5441817634738,77.75441817634739
2025-08-05 10:06:00+02:00,2025-08-05 10:15:00+02:00,10,70.68583470577035,7.0685834705770345
2025-08-05 10:36:00+02:00,2025-08-05 10:45:00+02:00,10,1201.6591899980958,120.16591899980958
2025-08-05 14:07:00+02:00,2025-08-05 14:16:00+02:00,10,353.4291735288517,35.34291735288517
2025-08-05 16:37:00+02:00,2025-08-05 16:46:00+02:00,10,1837.831702350029,183.7831702350029
2025-08-05 17:37:00+02:00,2025-08-05 17:46:00+02:00,10,282.7433388230814,28.274333882308138
2025-08-05 21:37:00+02:00,2025-08-05 21:46:00+02:00,10,141.3716694115407,14.137166941154069
2025-08-06 00:07:00+02:00,2025-08-06 00:16:00+02:00,10,70.68583470577035,7.0685834705770345
2025-08-06 01:07:00+02:00,2025-08-06 01:16:00+02:00,10,2191.2608758788806,219.12608758788807
2025-08-06 02:07:00+02:00,2025-08-06 02:16:00+02:00,10,282.7433388230814,28.274333882308138
2025-08-06 05:07:00+02:00,2025-08-06 05:16:00+02:00,10,141.3716694115407,14.137166941154069
2025-08-06 06:07:00+02:00,2025-08-06 06:16:00+02:00,10,282.7433388230814,28.274333882308138
2025-08-06 06:37:00+02:00,2025-08-06 06:46:00+02:00,10,424.11500823462205,42.411500823462205
2025-08-06 07:07:00+02:00,2025-08-06 07:16:00+02:00,10,2968.8050576423548,296.88050576423547
2025-08-06 07:37:00+02:00,2025-08-06 07:46:00+02:00,10,636.1725123519332,63.617251235193315
2025-08-06 08:07:00+02:00,2025-08-06 08:16:00+02:00,10,636.1725123519332,63.617251235193315
2025-08-06 10:38:00+02:00,2025-08-06 10:47:00+02:00,10,282.7433388230814,28.274333882308138
